category,shape,K,L_p,G,inter_len,tail,uniform,paged_us,two_level_us,three_level_us,best_kernel,best_us,pick_kernel,pick_us,regret_pct
long_prefix_flat,flat                    K=16  L_p=2048,16,2048,1,0,16,True,125.44000148773193,49.15200173854828,nan,2-level,49.15200173854828,2-level,49.15200173854828,0.0
long_prefix_flat,flat                    K=16  L_p=8192,16,8192,1,0,16,True,114.68800157308578,50.175998359918594,nan,2-level,50.175998359918594,2-level,50.175998359918594,0.0
long_prefix_flat,flat                    K=16  L_p=32768,16,32768,1,0,16,True,436.73600256443024,159.743994474411,nan,2-level,159.743994474411,2-level,159.743994474411,0.0
long_prefix_flat,flat                    K=16  L_p=65536,16,65536,1,0,16,True,862.2080087661743,344.06399726867676,nan,2-level,344.06399726867676,2-level,344.06399726867676,0.0
long_prefix_flat,flat                    K=32  L_p=2048,32,2048,1,0,16,True,82.94399827718735,60.40000170469284,nan,2-level,60.40000170469284,2-level,60.40000170469284,0.0
long_prefix_flat,flat                    K=32  L_p=8192,32,8192,1,0,16,True,288.7679934501648,61.95199862122536,nan,2-level,61.95199862122536,2-level,61.95199862122536,0.0
long_prefix_flat,flat                    K=32  L_p=32768,32,32768,1,0,16,True,966.1439955234528,183.29599499702454,nan,2-level,183.29599499702454,2-level,183.29599499702454,0.0
long_prefix_flat,flat                    K=32  L_p=65536,32,65536,1,0,16,True,2348.5759496688843,326.6560137271881,nan,2-level,326.6560137271881,2-level,326.6560137271881,0.0
long_prefix_flat,flat                    K=64  L_p=2048,64,2048,1,0,16,True,170.49600183963776,61.43999844789505,nan,2-level,61.43999844789505,2-level,61.43999844789505,0.0
long_prefix_flat,flat                    K=64  L_p=8192,64,8192,1,0,16,True,506.3679814338684,82.94399827718735,nan,2-level,82.94399827718735,2-level,82.94399827718735,0.0
long_prefix_flat,flat                    K=64  L_p=32768,64,32768,1,0,16,True,2063.87197971344,273.4079957008362,nan,2-level,273.4079957008362,2-level,273.4079957008362,0.0
long_prefix_flat,flat                    K=64  L_p=65536,64,65536,1,0,16,True,4407.808065414429,394.23999190330505,nan,2-level,394.23999190330505,2-level,394.23999190330505,0.0
long_prefix_uniform,uniform G=2              K=16  L_p=2048,16,2048,2,512,16,True,64.51199948787689,47.10400104522705,51.19999870657921,2-level,47.10400104522705,2-level,47.10400104522705,0.0
long_prefix_uniform,uniform G=4              K=16  L_p=2048,16,2048,4,512,16,True,65.5359998345375,47.10400104522705,51.19999870657921,2-level,47.10400104522705,2-level,47.10400104522705,0.0
long_prefix_uniform,uniform G=8              K=16  L_p=2048,16,2048,8,512,16,True,65.5359998345375,47.10400104522705,50.175998359918594,2-level,47.10400104522705,2-level,47.10400104522705,0.0
long_prefix_uniform,uniform G=2              K=16  L_p=8192,16,8192,2,512,16,True,116.73600226640701,50.175998359918594,50.175998359918594,2-level,50.175998359918594,2-level,50.175998359918594,0.0
long_prefix_uniform,uniform G=4              K=16  L_p=8192,16,8192,4,512,16,True,116.73600226640701,50.175998359918594,50.175998359918594,2-level,50.175998359918594,2-level,50.175998359918594,0.0
long_prefix_uniform,uniform G=8              K=16  L_p=8192,16,8192,8,512,16,True,117.76000261306763,50.175998359918594,50.175998359918594,2-level,50.175998359918594,2-level,50.175998359918594,0.0
long_prefix_uniform,uniform G=2              K=16  L_p=32768,16,32768,2,512,16,True,441.8559968471527,159.743994474411,169.98399794101715,2-level,159.743994474411,2-level,159.743994474411,0.0
long_prefix_uniform,uniform G=4              K=16  L_p=32768,16,32768,4,512,16,True,502.80001759529114,164.86400365829468,179.79200184345245,2-level,164.86400365829468,2-level,164.86400365829468,0.0
long_prefix_uniform,uniform G=8              K=16  L_p=32768,16,32768,8,512,16,True,566.2720203399658,172.03199863433838,197.12000340223312,2-level,172.03199863433838,2-level,172.03199863433838,0.0
long_prefix_uniform,uniform G=2              K=16  L_p=65536,16,65536,2,512,16,True,1112.064003944397,358.39998722076416,327.67999172210693,3-level,327.67999172210693,2-level,358.39998722076416,9.374998863131601
long_prefix_uniform,uniform G=4              K=16  L_p=65536,16,65536,4,512,16,True,873.4720051288605,350.20801424980164,335.87199449539185,3-level,335.87199449539185,2-level,350.20801424980164,4.268298634409207
long_prefix_uniform,uniform G=8              K=16  L_p=65536,16,65536,8,512,16,True,873.4719753265381,345.10400891304016,344.06399726867676,3-level,344.06399726867676,2-level,345.10400891304016,0.30227273199736615
long_prefix_uniform,uniform G=2              K=32  L_p=2048,32,2048,2,512,16,True,80.9280015528202,94.2080020904541,96.25600278377533,paged,80.9280015528202,2-level,94.2080020904541,16.409648431719013
long_prefix_uniform,uniform G=4              K=32  L_p=2048,32,2048,4,512,16,True,105.47199845314026,56.32000043988228,49.72799867391586,3-level,49.72799867391586,2-level,56.32000043988228,13.256117160862457
long_prefix_uniform,uniform G=8              K=32  L_p=2048,32,2048,8,512,16,True,74.75200295448303,56.32000043988228,56.51199817657471,2-level,56.32000043988228,2-level,56.32000043988228,0.0
long_prefix_uniform,uniform G=2              K=32  L_p=8192,32,8192,2,512,16,True,220.15999257564545,62.463998794555664,62.463998794555664,2-level,62.463998794555664,2-level,62.463998794555664,0.0
long_prefix_uniform,uniform G=4              K=32  L_p=8192,32,8192,4,512,16,True,220.15999257564545,61.43999844789505,76.80000364780426,2-level,61.43999844789505,2-level,61.43999844789505,0.0
long_prefix_uniform,uniform G=8              K=32  L_p=8192,32,8192,8,512,16,True,225.2800017595291,61.43999844789505,61.43999844789505,2-level,61.43999844789505,2-level,61.43999844789505,0.0
long_prefix_uniform,uniform G=2              K=32  L_p=32768,32,32768,2,512,16,True,860.1599931716919,181.2479943037033,193.53599846363068,2-level,181.2479943037033,2-level,181.2479943037033,0.0
long_prefix_uniform,uniform G=4              K=32  L_p=32768,32,32768,4,512,16,True,1017.8560018539429,183.29599499702454,337.92001008987427,2-level,183.29599499702454,2-level,183.29599499702454,0.0
long_prefix_uniform,uniform G=8              K=32  L_p=32768,32,32768,8,512,16,True,1171.4560389518738,183.29599499702454,202.7519941329956,2-level,183.29599499702454,2-level,183.29599499702454,0.0
long_prefix_uniform,uniform G=2              K=32  L_p=65536,32,65536,2,512,16,True,2388.9920711517334,326.1440098285675,338.9439880847931,2-level,326.1440098285675,2-level,326.1440098285675,0.0
long_prefix_uniform,uniform G=4              K=32  L_p=65536,32,65536,4,512,16,True,2417.664051055908,326.6560137271881,654.7519862651825,2-level,326.6560137271881,2-level,326.6560137271881,0.0
long_prefix_uniform,uniform G=8              K=32  L_p=65536,32,65536,8,512,16,True,2356.7360639572144,325.6320059299469,346.1120128631592,2-level,325.6320059299469,2-level,325.6320059299469,0.0
long_prefix_uniform,uniform G=2              K=64  L_p=2048,64,2048,2,512,16,True,199.68000054359436,61.43999844789505,76.80000364780426,2-level,61.43999844789505,2-level,61.43999844789505,0.0
long_prefix_uniform,uniform G=4              K=64  L_p=2048,64,2048,4,512,16,True,192.51200556755066,60.416001826524734,61.43999844789505,2-level,60.416001826524734,2-level,60.416001826524734,0.0
long_prefix_uniform,uniform G=8              K=64  L_p=2048,64,2048,8,512,16,True,157.69599378108978,61.43999844789505,70.65600156784058,2-level,61.43999844789505,2-level,61.43999844789505,0.0
long_prefix_uniform,uniform G=2              K=64  L_p=8192,64,8192,2,512,16,True,478.7200093269348,67.58400052785873,80.89599758386612,2-level,67.58400052785873,2-level,67.58400052785873,0.0
long_prefix_uniform,uniform G=4              K=64  L_p=8192,64,8192,4,512,16,True,473.60000014305115,65.5359998345375,64.57599997520447,3-level,64.57599997520447,2-level,65.5359998345375,1.486620198992905
long_prefix_uniform,uniform G=8              K=64  L_p=8192,64,8192,8,512,16,True,477.183997631073,67.58400052785873,138.2399946451187,2-level,67.58400052785873,2-level,67.58400052785873,0.0
long_prefix_uniform,uniform G=2              K=64  L_p=32768,64,32768,2,512,16,True,1982.4640154838562,285.69599986076355,303.1040132045746,2-level,285.69599986076355,2-level,285.69599986076355,0.0
long_prefix_uniform,uniform G=4              K=64  L_p=32768,64,32768,4,512,16,True,2248.255968093872,280.5759906768799,272.38398790359497,3-level,272.38398790359497,2-level,280.5759906768799,3.007519948707227
long_prefix_uniform,uniform G=8              K=64  L_p=32768,64,32768,8,512,16,True,2226.688027381897,278.52800488471985,559.6159994602203,2-level,278.52800488471985,2-level,278.52800488471985,0.0
long_prefix_uniform,uniform G=2              K=64  L_p=65536,64,65536,2,512,16,True,4458.49609375,527.3600220680237,544.7679758071899,2-level,527.3600220680237,2-level,527.3600220680237,0.0
long_prefix_uniform,uniform G=4              K=64  L_p=65536,64,65536,4,512,16,True,4477.952003479004,498.6880123615265,580.6080102920532,2-level,498.6880123615265,2-level,498.6880123615265,0.0
long_prefix_uniform,uniform G=8              K=64  L_p=65536,64,65536,8,512,16,True,4615.16809463501,523.2639908790588,932.8640103340149,2-level,523.2639908790588,2-level,523.2639908790588,0.0
high_g_small_inter,high_G G=8  inter=64    K=16  L_p=2048,16,2048,8,64,16,True,71.68000191450119,56.832000613212585,55.296000093221664,3-level,55.296000093221664,2-level,56.832000613212585,2.7777787134719123
high_g_small_inter,high_G G=4  inter=64    K=16  L_p=2048,16,2048,4,64,16,True,71.68000191450119,56.32000043988228,57.34400078654289,2-level,56.32000043988228,2-level,56.32000043988228,0.0
high_g_small_inter,high_G G=8  inter=64    K=16  L_p=8192,16,8192,8,64,16,True,128.00000607967377,62.463998794555664,61.43999844789505,3-level,61.43999844789505,2-level,62.463998794555664,1.6666672729964915
high_g_small_inter,high_G G=4  inter=64    K=16  L_p=8192,16,8192,4,64,16,True,128.00000607967377,55.296000093221664,55.296000093221664,2-level,55.296000093221664,2-level,55.296000093221664,0.0
high_g_small_inter,high_G G=8  inter=64    K=16  L_p=32768,16,32768,8,64,16,True,453.6319971084595,160.76800227165222,164.86400365829468,2-level,160.76800227165222,2-level,160.76800227165222,0.0
high_g_small_inter,high_G G=4  inter=64    K=16  L_p=32768,16,32768,4,64,16,True,526.3360142707825,164.86400365829468,180.2240014076233,2-level,164.86400365829468,2-level,164.86400365829468,0.0
high_g_small_inter,high_G G=8  inter=64    K=16  L_p=65536,16,65536,8,64,16,True,1061.8879795074463,361.4720106124878,365.56801199913025,2-level,361.4720106124878,2-level,361.4720106124878,0.0
high_g_small_inter,high_G G=4  inter=64    K=16  L_p=65536,16,65536,4,64,16,True,1272.8320360183716,359.42399501800537,363.5199964046478,2-level,359.42399501800537,2-level,359.42399501800537,0.0
high_g_small_inter,high_G G=16 inter=64    K=32  L_p=2048,32,2048,16,64,16,True,98.30400347709656,67.58400052785873,69.63200122117996,2-level,67.58400052785873,2-level,67.58400052785873,0.0
high_g_small_inter,high_G G=8  inter=64    K=32  L_p=2048,32,2048,8,64,16,True,103.42399775981903,67.58400052785873,68.60800087451935,2-level,67.58400052785873,2-level,67.58400052785873,0.0
high_g_small_inter,high_G G=16 inter=64    K=32  L_p=8192,32,8192,16,64,16,True,252.4159997701645,69.12000104784966,68.60800087451935,3-level,68.60800087451935,2-level,69.12000104784966,0.7462688998426392
high_g_small_inter,high_G G=8  inter=64    K=32  L_p=8192,32,8192,8,64,16,True,230.3999960422516,69.63200122117996,69.63200122117996,2-level,69.63200122117996,2-level,69.63200122117996,0.0
high_g_small_inter,high_G G=16 inter=64    K=32  L_p=32768,32,32768,16,64,16,True,863.7440204620361,181.2479943037033,188.4160041809082,2-level,181.2479943037033,2-level,181.2479943037033,0.0
high_g_small_inter,high_G G=8  inter=64    K=32  L_p=32768,32,32768,8,64,16,True,1080.3200006484985,183.29599499702454,184.32000279426575,2-level,183.29599499702454,2-level,183.29599499702454,0.0
high_g_small_inter,high_G G=16 inter=64    K=32  L_p=65536,32,65536,16,64,16,True,2393.0881023406982,326.6560137271881,335.87199449539185,2-level,326.6560137271881,2-level,326.6560137271881,0.0
high_g_small_inter,high_G G=8  inter=64    K=32  L_p=65536,32,65536,8,64,16,True,2383.8720321655273,327.1680027246475,331.7759931087494,2-level,327.1680027246475,2-level,327.1680027246475,0.0
high_g_small_inter,high_G G=32 inter=64    K=64  L_p=2048,64,2048,32,64,16,True,178.17600071430206,61.43999844789505,61.43999844789505,2-level,61.43999844789505,2-level,61.43999844789505,0.0
high_g_small_inter,high_G G=16 inter=64    K=64  L_p=2048,64,2048,16,64,16,True,168.44800114631653,61.43999844789505,84.47999879717827,2-level,61.43999844789505,2-level,61.43999844789505,0.0
high_g_small_inter,high_G G=32 inter=64    K=64  L_p=8192,64,8192,32,64,16,True,478.7200093269348,68.60800087451935,74.75200295448303,2-level,68.60800087451935,2-level,68.60800087451935,0.0
high_g_small_inter,high_G G=16 inter=64    K=64  L_p=8192,64,8192,16,64,16,True,458.75200629234314,67.58400052785873,72.7040022611618,2-level,67.58400052785873,2-level,67.58400052785873,0.0
high_g_small_inter,high_G G=32 inter=64    K=64  L_p=32768,64,32768,32,64,16,True,1936.3839626312256,270.87999880313873,273.4079957008362,2-level,270.87999880313873,2-level,270.87999880313873,0.0
high_g_small_inter,high_G G=16 inter=64    K=64  L_p=32768,64,32768,16,64,16,True,2140.2560472488403,275.4560112953186,278.52800488471985,2-level,275.4560112953186,2-level,275.4560112953186,0.0
high_g_small_inter,high_G G=32 inter=64    K=64  L_p=65536,64,65536,32,64,16,True,4457.007884979248,546.8159914016724,547.327995300293,2-level,546.8159914016724,2-level,546.8159914016724,0.0
high_g_small_inter,high_G G=16 inter=64    K=64  L_p=65536,64,65536,16,64,16,True,4513.279914855957,536.575973033905,533.5040092468262,3-level,533.5040092468262,2-level,536.575973033905,0.575808941232836
long_prefix_skewed,skewed 1+singletons     K=16  L_p=2048,16,2048,15,512,16,False,64.51199948787689,50.175998359918594,nan,2-level,50.175998359918594,2-level,50.175998359918594,0.0
long_prefix_skewed,skewed 1+singletons     K=16  L_p=8192,16,8192,15,512,16,False,161.27999871969223,60.416001826524734,nan,2-level,60.416001826524734,2-level,60.416001826524734,0.0
long_prefix_skewed,skewed 1+singletons     K=16  L_p=32768,16,32768,15,512,16,False,496.63999676704407,163.95200043916702,nan,2-level,163.95200043916702,2-level,163.95200043916702,0.0
long_prefix_skewed,skewed 1+singletons     K=16  L_p=65536,16,65536,15,512,16,False,1119.7440028190613,379.90400195121765,nan,2-level,379.90400195121765,2-level,379.90400195121765,0.0
long_prefix_skewed,skewed 1+singletons     K=32  L_p=2048,32,2048,31,512,16,False,121.85599654912949,61.43999844789505,nan,2-level,61.43999844789505,2-level,61.43999844789505,0.0
long_prefix_skewed,skewed 1+singletons     K=32  L_p=8192,32,8192,31,512,16,False,373.76001477241516,71.68000191450119,nan,2-level,71.68000191450119,2-level,71.68000191450119,0.0
long_prefix_skewed,skewed 1+singletons     K=32  L_p=32768,32,32768,31,512,16,False,1029.6319723129272,186.36800348758698,nan,2-level,186.36800348758698,2-level,186.36800348758698,0.0
long_prefix_skewed,skewed 1+singletons     K=32  L_p=65536,32,65536,31,512,16,False,2417.664051055908,326.6560137271881,nan,2-level,326.6560137271881,2-level,326.6560137271881,0.0
long_prefix_skewed,skewed 1+singletons     K=64  L_p=2048,64,2048,63,512,16,False,212.99199759960175,61.43999844789505,nan,2-level,61.43999844789505,2-level,61.43999844789505,0.0
long_prefix_skewed,skewed 1+singletons     K=64  L_p=8192,64,8192,63,512,16,False,513.5359764099121,79.8719972372055,nan,2-level,79.8719972372055,2-level,79.8719972372055,0.0
long_prefix_skewed,skewed 1+singletons     K=64  L_p=32768,64,32768,63,512,16,False,2131.9680213928223,278.52800488471985,nan,2-level,278.52800488471985,2-level,278.52800488471985,0.0
long_prefix_skewed,skewed 1+singletons     K=64  L_p=65536,64,65536,63,512,16,False,4525.599956512451,522.2399830818176,nan,2-level,522.2399830818176,2-level,522.2399830818176,0.0
short_prefix,short_prefix            K=16  L_p=256,16,256,1,0,16,True,58.36800113320351,45.05600035190582,nan,2-level,45.05600035190582,paged,58.36800113320351,29.54545604875156
short_prefix,short_prefix            K=16  L_p=512,16,512,1,0,16,True,64.51199948787689,49.15200173854828,nan,2-level,49.15200173854828,2-level,49.15200173854828,0.0
short_prefix,short_prefix            K=16  L_p=1024,16,1024,1,0,16,True,64.51199948787689,50.175998359918594,nan,2-level,50.175998359918594,2-level,50.175998359918594,0.0
short_prefix,short_prefix            K=32  L_p=256,32,256,1,0,16,True,59.39200147986412,60.416001826524734,nan,paged,59.39200147986412,paged,59.39200147986412,0.0
short_prefix,short_prefix            K=32  L_p=512,32,512,1,0,16,True,60.416001826524734,60.416001826524734,nan,paged,60.416001826524734,2-level,60.416001826524734,0.0
short_prefix,short_prefix            K=32  L_p=1024,32,1024,1,0,16,True,59.39200147986412,55.296000093221664,nan,2-level,55.296000093221664,2-level,55.296000093221664,0.0
short_prefix,short_prefix            K=64  L_p=256,64,256,1,0,16,True,59.39200147986412,54.27199974656105,nan,2-level,54.27199974656105,2-level,54.27199974656105,0.0
short_prefix,short_prefix            K=64  L_p=512,64,512,1,0,16,True,60.416001826524734,60.416001826524734,nan,paged,60.416001826524734,2-level,60.416001826524734,0.0
short_prefix,short_prefix            K=64  L_p=1024,64,1024,1,0,16,True,62.55999952554703,55.296000093221664,nan,2-level,55.296000093221664,2-level,55.296000093221664,0.0
tiny_lp,tiny_lp                 K=16  L_p=64,16,64,1,0,16,True,53.247999399900436,44.03200000524521,nan,2-level,44.03200000524521,paged,53.247999399900436,20.930231180862545
tiny_lp,tiny_lp                 K=16  L_p=128,16,128,1,0,16,True,58.36800113320351,44.03200000524521,nan,2-level,44.03200000524521,paged,58.36800113320351,32.55814209268386
tiny_lp,tiny_lp                 K=32  L_p=64,32,64,1,0,16,True,53.279999643564224,55.296000093221664,nan,paged,53.279999643564224,paged,53.279999643564224,0.0
tiny_lp,tiny_lp                 K=32  L_p=128,32,128,1,0,16,True,53.328000009059906,55.296000093221664,nan,paged,53.328000009059906,paged,53.328000009059906,0.0
tiny_lp,tiny_lp                 K=64  L_p=64,64,64,1,0,16,True,54.287999868392944,55.16799911856651,nan,paged,54.287999868392944,paged,54.287999868392944,0.0
tiny_lp,tiny_lp                 K=64  L_p=128,64,128,1,0,16,True,55.296000093221664,54.75199967622757,nan,2-level,54.75199967622757,paged,55.296000093221664,0.9935717785852782
k_one,k_one                   K=1   L_p=2048,1,2048,1,0,16,True,58.25600028038025,nan,nan,paged,58.25600028038025,paged,58.25600028038025,0.0
k_one,k_one                   K=1   L_p=8192,1,8192,1,0,16,True,58.20799991488457,nan,nan,paged,58.20799991488457,paged,58.20799991488457,0.0
k_one,k_one                   K=1   L_p=32768,1,32768,1,0,16,True,156.67200088500977,nan,nan,paged,156.67200088500977,paged,156.67200088500977,0.0
k_one,k_one                   K=1   L_p=65536,1,65536,1,0,16,True,299.00801181793213,nan,nan,paged,299.00801181793213,paged,299.00801181793213,0.0
all_unique,all_unique G=K          K=16  L_p=2048,16,2048,16,0,16,False,63.48799914121628,47.00800031423569,nan,2-level,47.00800031423569,2-level,47.00800031423569,0.0
all_unique,all_unique G=K          K=16  L_p=8192,16,8192,16,0,16,False,110.59200018644333,49.15200173854828,nan,2-level,49.15200173854828,2-level,49.15200173854828,0.0
all_unique,all_unique G=K          K=16  L_p=32768,16,32768,16,0,16,False,436.3360106945038,157.69599378108978,nan,2-level,157.69599378108978,2-level,157.69599378108978,0.0
all_unique,all_unique G=K          K=16  L_p=65536,16,65536,16,0,16,False,985.0879907608032,357.37600922584534,nan,2-level,357.37600922584534,2-level,357.37600922584534,0.0
all_unique,all_unique G=K          K=32  L_p=2048,32,2048,32,0,16,False,95.23200243711472,60.416001826524734,nan,2-level,60.416001826524734,2-level,60.416001826524734,0.0
all_unique,all_unique G=K          K=32  L_p=8192,32,8192,32,0,16,False,305.1519989967346,60.416001826524734,nan,2-level,60.416001826524734,2-level,60.416001826524734,0.0
all_unique,all_unique G=K          K=32  L_p=32768,32,32768,32,0,16,False,925.6960153579712,183.29599499702454,nan,2-level,183.29599499702454,2-level,183.29599499702454,0.0
all_unique,all_unique G=K          K=32  L_p=65536,32,65536,32,0,16,False,2393.600106239319,326.6560137271881,nan,2-level,326.6560137271881,2-level,326.6560137271881,0.0
all_unique,all_unique G=K          K=64  L_p=2048,64,2048,64,0,16,False,174.127995967865,61.43999844789505,nan,2-level,61.43999844789505,2-level,61.43999844789505,0.0
all_unique,all_unique G=K          K=64  L_p=8192,64,8192,64,0,16,False,547.327995300293,90.11200070381165,nan,2-level,90.11200070381165,2-level,90.11200070381165,0.0
all_unique,all_unique G=K          K=64  L_p=32768,64,32768,64,0,16,False,2141.184091567993,277.5840014219284,nan,2-level,277.5840014219284,2-level,277.5840014219284,0.0
all_unique,all_unique G=K          K=64  L_p=65536,64,65536,64,0,16,False,4465.152025222778,522.2399830818176,nan,2-level,522.2399830818176,2-level,522.2399830818176,0.0
